https://www.twitch.tv/cdnthe3rd/clip/WonderfulJollyGazellePupper--64HCA9n1B2Jtyrv?filter=clips&range=7d&sort=time,0:53,99 views,4 days ago
https://www.twitch.tv/cdnthe3rd/clip/AbstruseFancyHyenaPeteZaroll-noEQ6IDkhojirdLs?filter=clips&range=7d&sort=time,0:34,50 views,3 days ago
https://www.twitch.tv/cdnthe3rd/clip/YawningCoweringPieTheRinger-pcTgSVUNnwJGDlDy?filter=clips&range=7d&sort=time,0:26,36 views,5 days ago
https://www.twitch.tv/cdnthe3rd/clip/RepleteSparklingCoffeeBrokeBack-ckopRhTqrj7FieFj?filter=clips&range=7d&sort=time,0:28,28 views,4 days ago
https://www.twitch.tv/cdnthe3rd/clip/AwkwardSlickPartridgeDeIlluminati-8QvQzUBtTvUAp2AM?filter=clips&range=7d&sort=time,0:59,26 views,2 days ago
https://www.twitch.tv/cdnthe3rd/clip/GoldenAmazonianPelicanStoneLightning-1ugPuXhLgqf5Hy7h?filter=clips&range=7d&sort=time,0:17,25 views,15 hours ago
https://www.twitch.tv/cdnthe3rd/clip/RelatedPlumpPieBleedPurple-Lhmk3FRqCUa2CB5Q?filter=clips&range=7d&sort=time,0:59,25 views,Yesterday
https://www.twitch.tv/cdnthe3rd/clip/ProductiveShortBaconBCWarrior-mXRD5EHOnemXvAy4?filter=clips&range=7d&sort=time,0:17,23 views,5 days ago
https://www.twitch.tv/cdnthe3rd/clip/TrustworthyDeterminedWormDatSheffy-At_q-_5D4qG_1CS_?filter=clips&range=7d&sort=time,0:30,21 views,3 days ago
https://www.twitch.tv/cdnthe3rd/clip/PlausibleHeartlessPelicanPartyTime-_mQZoo1WoeYb_G7K?filter=clips&range=7d&sort=time,0:39,15 views,3 days ago
https://www.twitch.tv/cdnthe3rd/clip/TrustworthyMushyMonitorDxAbomb-z1GmbA40ZLsqdBFH?filter=clips&range=7d&sort=time,0:20,15 views,Yesterday
https://www.twitch.tv/cdnthe3rd/clip/RelievedScaryCockroachBudStar-4Hw6WdiNbVZCdQZe?filter=clips&range=7d&sort=time,0:11,14 views,19 hours ago
https://www.twitch.tv/cdnthe3rd/clip/MagnificentOptimisticGarbageBCouch-j8xTfN4uTt8k1_1F?filter=clips&range=7d&sort=time,0:24,13 views,3 days ago
https://www.twitch.tv/cdnthe3rd/clip/ColdbloodedSmoothBibimbapSuperVinlin-06aoCTtNrk6U4so8?filter=clips&range=7d&sort=time,0:28,13 views,7 days ago
https://www.twitch.tv/cdnthe3rd/clip/CourageousPleasantCrocodileThisIsSparta-9a80oVC8OmXNcCkj?filter=clips&range=7d&sort=time,0:16,12 views,7 days ago
https://www.twitch.tv/cdnthe3rd/clip/EnthusiasticSaltyPuppyM4xHeh-uiLybjpDTaj1SzcZ?filter=clips&range=7d&sort=time,0:59,11 views,4 days ago
https://www.twitch.tv/cdnthe3rd/clip/TolerantGoldenTireKappaRoss-GAraVm2QV70qs01F?filter=clips&range=7d&sort=time,0:43,10 views,7 days ago
https://www.twitch.tv/cdnthe3rd/clip/ThoughtfulFlaccidFennelWow--kUpkeOVrOghxXw0?filter=clips&range=7d&sort=time,0:43,10 views,3 days ago
https://www.twitch.tv/cdnthe3rd/clip/SarcasticProductiveRaccoonVoteNay-DRXrBVs93Pot-xUf?filter=clips&range=7d&sort=time,0:28,10 views,5 days ago
https://www.twitch.tv/cdnthe3rd/clip/SullenInquisitiveWombatHassaanChop-l44P4cQvAFyPVLj6?filter=clips&range=7d&sort=time,0:27,10 views,2 days ago