https://www.twitch.tv/cohhcarnage/clip/LitigiousToughLlamaBatChest-arjWUQGaMSmO_-8I?filter=clips&range=7d&sort=time,0:29,2.9K views,2 days ago
https://www.twitch.tv/cohhcarnage/clip/SplendidMiniatureCockroachKappaWealth-MUuwqk1HpqnYvaxb?filter=clips&range=7d&sort=time,0:49,901 views,6 days ago
https://www.twitch.tv/cohhcarnage/clip/RamshackleSleepyDolphinPrimeMe-KloqdW2PJVZcT2M9?filter=clips&range=7d&sort=time,0:08,381 views,2 days ago
https://www.twitch.tv/cohhcarnage/clip/SmilingFilthyPassionfruitPupper-oN-IqjFBQRQuyzrp?filter=clips&range=7d&sort=time,0:29,326 views,5 days ago
https://www.twitch.tv/cohhcarnage/clip/MistyDelightfulGrouseKappa-yKhVx4ddtE_qTRJA?filter=clips&range=7d&sort=time,0:14,307 views,6 days ago
https://www.twitch.tv/cohhcarnage/clip/SleepyLightOctopusKreygasm-pJYiBl-OTfIxuMuk?filter=clips&range=7d&sort=time,0:35,256 views,2 days ago
https://www.twitch.tv/cohhcarnage/clip/ElatedAbstemiousMosquitoLitFam-nc_VXNu7OqfMBh3f?filter=clips&range=7d&sort=time,0:18,246 views,2 days ago
https://www.twitch.tv/cohhcarnage/clip/FlaccidTenuousSowGOWSkull-dch-_RB2NDMB6kgd?filter=clips&range=7d&sort=time,0:07,230 views,5 days ago
https://www.twitch.tv/cohhcarnage/clip/ImportantGentlePineappleRlyTho-71X2fxX4NecS1V8_?filter=clips&range=7d&sort=time,0:20,172 views,2 days ago
https://www.twitch.tv/cohhcarnage/clip/RepleteFineAubergineDoritosChip-wJ5QT2F2oLaDTjAc?filter=clips&range=7d&sort=time,0:23,153 views,4 days ago
https://www.twitch.tv/cohhcarnage/clip/AntediluvianPlayfulGoatCurseLit-Ue-EGm3eJGv2Jo_C?filter=clips&range=7d&sort=time,0:23,152 views,2 days ago
https://www.twitch.tv/cohhcarnage/clip/DeafRepletePelicanCeilingCat-Q01F5Y5QKDhm832p?filter=clips&range=7d&sort=time,0:34,135 views,6 hours ago
https://www.twitch.tv/cohhcarnage/clip/ApatheticTentativeGarageBudBlast-mZZwkBb06jxfS8zO?filter=clips&range=7d&sort=time,0:43,116 views,2 days ago
https://www.twitch.tv/cohhcarnage/clip/TemperedStupidTaroOptimizePrime-YZ6HgMn2y55frqfK?filter=clips&range=7d&sort=time,0:15,114 views,7 hours ago
https://www.twitch.tv/cohhcarnage/clip/PiliableSplendidOpossumPhilosoraptor-FYclLUB8oiS6hO-N?filter=clips&range=7d&sort=time,0:24,112 views,4 days ago
https://www.twitch.tv/cohhcarnage/clip/BumblingEnthusiasticMarjoramPoooound-eqbIJeeT0hdgsuet?filter=clips&range=7d&sort=time,0:59,95 views,2 days ago
https://www.twitch.tv/cohhcarnage/clip/CrunchyBovineTildeWOOP-77U8MQMvZuZJbE9k?filter=clips&range=7d&sort=time,0:34,94 views,4 days ago
https://www.twitch.tv/cohhcarnage/clip/SpotlessInventiveCaterpillarVoHiYo-oayhpKBcV7Nwi9DK?filter=clips&range=7d&sort=time,0:29,94 views,3 hours ago
https://www.twitch.tv/cohhcarnage/clip/BlushingClumsyCookieYouDontSay-PBJF-bdoHM16oK6F?filter=clips&range=7d&sort=time,0:29,86 views,2 days ago
https://www.twitch.tv/cohhcarnage/clip/BovineSmellyBaconPartyTime-04fw2gPcBLSpWBEZ?filter=clips&range=7d&sort=time,0:26,75 views,5 hours ago