https://www.twitch.tv/lirik/clip/FragileCorrectCookiePicoMause-6BMXLafwH63jarLe?filter=clips&range=7d&sort=time,0:42,17.3K views,4 days ago
https://www.twitch.tv/lirik/clip/FurtiveAmazingRabbitPartyTime-etMk-hg5bbIdpw_1?filter=clips&range=7d&sort=time,0:34,8.1K views,4 days ago
https://www.twitch.tv/lirik/clip/BrainyFurryGoblinPanicVis-CJNnRSgG1Fcc4TOL?filter=clips&range=7d&sort=time,0:27,4.1K views,4 days ago
https://www.twitch.tv/lirik/clip/WittyCharmingHareSoBayed-zuK9oQ46jGl6AG9v?filter=clips&range=7d&sort=time,0:25,1.4K views,21 hours ago
https://www.twitch.tv/lirik/clip/FaintObliviousOstrichTwitchRaid-Qu3-5ZRwl6huwlw2?filter=clips&range=7d&sort=time,0:24,740 views,6 days ago
https://www.twitch.tv/lirik/clip/TolerantDepressedFiddleheadsDoggo-dXcImIkT3LXnGB10?filter=clips&range=7d&sort=time,0:15,584 views,4 days ago
https://www.twitch.tv/lirik/clip/ColdbloodedWrongEelSSSsss-t-kZ1fIjgoTQ3Rw9?filter=clips&range=7d&sort=time,0:13,485 views,7 days ago
https://www.twitch.tv/lirik/clip/AntediluvianSeductiveHummingbirdCeilingCat-qhQ2jalnSDsGy3Lg?filter=clips&range=7d&sort=time,0:22,410 views,4 days ago
https://www.twitch.tv/lirik/clip/ResourcefulEntertainingClintmullinsUWot-fECNL1vtB1_6Z3W4?filter=clips&range=7d&sort=time,0:27,356 views,Yesterday
https://www.twitch.tv/lirik/clip/BraveTameBunnyFailFish-LQcWUb6lCYAYreeh?filter=clips&range=7d&sort=time,0:25,293 views,5 days ago
https://www.twitch.tv/lirik/clip/SpunkyProtectiveReindeerMikeHogu-OoS35cV94cGVw7VN?filter=clips&range=7d&sort=time,1:00,232 views,4 days ago
https://www.twitch.tv/lirik/clip/DoubtfulMoralWasabiHeyGirl-04R_V7_XtLs-Q0nz?filter=clips&range=7d&sort=time,0:20,216 views,6 days ago
https://www.twitch.tv/lirik/clip/BumblingTolerantStapleFutureMan-PFyAohqdNrqb97Mo?filter=clips&range=7d&sort=time,0:12,201 views,5 days ago