https://www.twitch.tv/lvndmark/clip/NastyAssiduousWaffleFrankerZ-xFaOa35-q4d0yAkY?filter=clips&range=7d&sort=time,0:59,958 views,Yesterday
https://www.twitch.tv/lvndmark/clip/FurrySourMonitorRaccAttack-ndDaVUqdln3-VbZD?filter=clips&range=7d&sort=time,0:28,368 views,3 days ago
https://www.twitch.tv/lvndmark/clip/ImpossibleIncredulousSharkHassanChop-7t2XwliYQFRttPNL?filter=clips&range=7d&sort=time,0:09,332 views,5 days ago
https://www.twitch.tv/lvndmark/clip/ThankfulKnottyIcecreamLitty-hVYRGWY1jz2Fq5rS?filter=clips&range=7d&sort=time,0:59,313 views,5 days ago
https://www.twitch.tv/lvndmark/clip/TrappedPeppyGrasshopperPipeHype-A4faX3xQxNvjyLEb?filter=clips&range=7d&sort=time,0:04,270 views,3 days ago
https://www.twitch.tv/lvndmark/clip/AmazingBloodyJaguarPeteZaroll-QZzGYm_ZbqLIrqdL?filter=clips&range=7d&sort=time,0:35,228 views,3 days ago
https://www.twitch.tv/lvndmark/clip/EncouragingExuberantZebraGrammarKing-dLUNWhcTmx-Je4nu?filter=clips&range=7d&sort=time,0:26,196 views,2 days ago
https://www.twitch.tv/lvndmark/clip/TriangularFitQueleaTakeNRG-Et1w0Ixn5OSRbVPt?filter=clips&range=7d&sort=time,0:18,131 views,Yesterday
https://www.twitch.tv/lvndmark/clip/SuaveHilariousJackalPunchTrees-VpOOJCW5m_JZxsXS?filter=clips&range=7d&sort=time,0:22,117 views,2 days ago
https://www.twitch.tv/lvndmark/clip/ModernShortLocustNononoCat-SScbKoYgzpoFOaW6?filter=clips&range=7d&sort=time,0:28,92 views,Yesterday
https://www.twitch.tv/lvndmark/clip/BlatantViscousFrogHoneyBadger-70bEvafqrirkZd5L?filter=clips&range=7d&sort=time,0:51,90 views,Yesterday
https://www.twitch.tv/lvndmark/clip/BlatantGenerousShieldVoteNay-M138LVM4DuBEENe8?filter=clips&range=7d&sort=time,0:11,84 views,4 days ago
https://www.twitch.tv/lvndmark/clip/NurturingGlutenFreeToothSMOrc-tnMDbhwjkqg6UJmv?filter=clips&range=7d&sort=time,0:35,74 views,2 days ago