https://www.twitch.tv/summit1g/clip/RepleteElatedSkunkKappa-JjZ2t3j-9xQ8OIZT?filter=clips&range=7d&sort=time,0:07,57.3K views,6 days ago
https://www.twitch.tv/summit1g/clip/AstuteImpossibleHamburgerPoooound-_jk7KDzazz_4PJ07?filter=clips&range=7d&sort=time,0:36,27.5K views,5 days ago
https://www.twitch.tv/summit1g/clip/PiercingUgliestGarageCharlieBitMe-Ily0NgbCgZRcDhXQ?filter=clips&range=7d&sort=time,0:26,15.6K views,4 days ago
https://www.twitch.tv/summit1g/clip/CuriousGentlePanHumbleLife-aIFLH9WWDd3WZpOq?filter=clips&range=7d&sort=time,0:33,4.8K views,Yesterday
https://www.twitch.tv/summit1g/clip/SwissManlyLlamaNomNom-C39JS0COdoZlJr8e?filter=clips&range=7d&sort=time,1:00,1.9K views,3 days ago
https://www.twitch.tv/summit1g/clip/UnusualZanyDragonfruitResidentSleeper-rkb-rPqeJ7T_axkR?filter=clips&range=7d&sort=time,0:16,1.3K views,5 days ago
https://www.twitch.tv/summit1g/clip/AmazingBoxyAubergineTinyFace-K3LzlYXKY2nLR0JR?filter=clips&range=7d&sort=time,0:31,796 views,4 days ago
https://www.twitch.tv/summit1g/clip/ZanyGentleClipsdadCeilingCat-HGvJTluMADvUA8FQ?filter=clips&range=7d&sort=time,0:26,603 views,13 hours ago
https://www.twitch.tv/summit1g/clip/LazyCarelessAlpacaOpieOP-xdnd9ZG8yAqJka9h?filter=clips&range=7d&sort=time,0:36,537 views,5 days ago
https://www.twitch.tv/summit1g/clip/TawdryHelpfulKeyboardCoolCat-BW1XIIHvgdyrSdsg?filter=clips&range=7d&sort=time,0:10,526 views,7 days ago
https://www.twitch.tv/summit1g/clip/TrappedArtisticButterflyDendiFace-cETM5WlYocW6UrZh?filter=clips&range=7d&sort=time,0:09,463 views,3 days ago
https://www.twitch.tv/summit1g/clip/VictoriousFancyOilStrawBeary-OrQWphcPM0SsCfYM?filter=clips&range=7d&sort=time,0:05,376 views,6 days ago
https://www.twitch.tv/summit1g/clip/AbstemiousPlumpMelonFailFish-jj6bcdldUt31ITwF?filter=clips&range=7d&sort=time,0:25,374 views,6 days ago
https://www.twitch.tv/summit1g/clip/FrailArtisticMelonAllenHuhu-DimGkc1S0Z4ngbuC?filter=clips&range=7d&sort=time,0:30,316 views,4 days ago
https://www.twitch.tv/summit1g/clip/ExquisiteSoftLorisThisIsSparta-639OyBsBSEDZSqO_?filter=clips&range=7d&sort=time,0:23,289 views,7 days ago
https://www.twitch.tv/summit1g/clip/AgitatedDependableHumanMVGame-1pL4oS67PLYRqgL-?filter=clips&range=7d&sort=time,0:25,274 views,7 days ago